filename,group_id,nail_len_type,nail_wid_type,score_shape_square,score_shape_round,score_shape_oval,score_shape_almond,score_shape_squoval,score_design_glitter,score_design_french,score_design_nudes,score_design_ombre,score_design_art
,L_N,long,narrow,0.492014742014742,0.164004914004914,0.055896805896805894,0.1676904176904177,0.1203931203931204,0.20251094488611948,0.23274131534104475,0.24468184476913526,0.20680465840316573,0.11326123660053479
,L_W,long,wide,0.265625,0.15625000000000003,0.23828125,0.33984375,0.0,0.24171424278846154,0.15664380717481302,0.21796082064636754,0.22589314778645833,0.15778798160389956
,M_N,mid,narrow,0.5,0.06386861313868614,0.16605839416058393,0.14233576642335766,0.12773722627737227,0.2099835049887351,0.22226879604298538,0.23338809319457854,0.21172528765690377,0.1226343181167972
,M_W,mid,wide,0.25588697017268447,0.054945054945054944,0.4089481946624804,0.2802197802197803,0.0,0.2472776536650163,0.14164151915697246,0.21982240134712663,0.22922676282051285,0.16203166301037183
,S_N,short,narrow,0.37737961926091823,0.3202687569988802,0.050951847704367295,0.06289660321015303,0.1885031728256812,0.18072581263416135,0.23428490696020307,0.3187162467205016,0.19163412456557297,0.07463890911956116
,S_W,short,wide,0.2158119658119658,0.3205128205128205,0.2467948717948718,0.181980056980057,0.0349002849002849,0.2156115763080708,0.1670914529257472,0.29404927671071585,0.20899068521935218,0.11425700883611402
