len_wid,square,round,oval,almond,squoval
long-narrow,0.492014742014742,0.164004914004914,0.055896805896805894,0.1676904176904177,0.1203931203931204
long-wide,0.265625,0.15625000000000003,0.23828125,0.33984375,0.0
mid-narrow,0.5,0.06386861313868614,0.16605839416058393,0.14233576642335766,0.12773722627737227
mid-wide,0.2558869701726844,0.05494505494505494,0.40894819466248034,0.2802197802197802,0.0
short-narrow,0.37737961926091823,0.3202687569988802,0.050951847704367295,0.06289660321015303,0.1885031728256812
short-wide,0.2158119658119658,0.3205128205128205,0.2467948717948718,0.181980056980057,0.0349002849002849
