shape,art,french,glitter,nudes,ombre
square,0.08125,0.31875,0.16875,0.2375,0.19375
round,0.01282051282051282,0.19230769230769232,0.15384615384615385,0.47435897435897434,0.16666666666666666
oval,0.140625,0.0703125,0.25,0.3125,0.2265625
squoval,0.0,0.0,0.0,0.0,0.0
almond,0.2962962962962963,0.07407407407407407,0.3333333333333333,0.018518518518518517,0.2777777777777778
